full_name,email,username,password,phone_number
이정우,ekgus3771@gmail.com,kevin3771,3771kevin@,010-3373-3771
곽팔두,paldoo123@gmail.com,paldoo3771,3771paldoo@,010-8282-8282
김철수,chulsoo123@gmail.com,chulsoo3771,3771chulsoo@,010-1234-1234
김미정,mijung123@gmail.com,mijung3771,3771mijung@,010-3333-3333
김백,back123@gmail.com,back3771,3771back@,010-5555-5555